,0
0EZJW4R4EMC16I10,
0KSBX96F8BU1FCFQ,
0LT6HMDHUK63WSC7,
0MG5EK1O64CPS887,
0RB9KGMO90G1YQZD,
16TRHGYACZ8HYHUB,
1BBPJ3U25RYGSRSS,
1H37S4G2MIXMQ3QS,
1IN3A0RW0UHOBHMA,
1SDZGHSOKOCXJ82G,
21A1B91HWFSGQOAU,
24D888C8JHJ4RAI9,
2B2XLE17Y0C5WJ3T,
2BK5XXUHXSEDPUTG,
2D6I54KTG2GY3FUW,
2KMKXR2G1BLD0C2G,
2U95HNIBIUWTDGF6,
2WEAS2OYMHM0QP0M,
2ZF1T5U8LU7SMI4Y,
33A2LR9XK8O2FO0S,
37M2EWHIRFGWOP33,
37ZPX63RET9P2QHM,
3AHS1SYCSNOBIDU5,
3AWM4ZZHCWJ8MREY,
3BCIGI0WUQN3QIOZ,
3BGIK8ODI5L6GCW4,
3L337CU2FCNMNBXH,
3LS918JYONAZ7EUN,
3YQNRP7QKLAD6YN5,
43ERS29KX3LPF334,
45BKZ74PBPRK5Q46,
48XO6UQZI766F8TN,
4DIUJ5A6193W879P,
4SBTBUO7GIODR1MX,
4TM6IQICWY502GS3,
5145LT5Z86A98W91,
53SO7XOB1AERHGDS,
56GX2GI8AGT0BIHN,
59PNXPS5R67U6WQP,
5D2RFZWIZ8G6K1HX,
5H94IH9XGI83T610,
5KZSOKNYS84ZTDK6,
5LGDWR05UU6NKX4Z,
5ONG9EN0RF9CYGFY,
5TNOB8EQTNGRAG4U,
5YO8QRZ4B3RE047F,
639OS2YC4LW8LFDJ,
6FQBJ7LCRC0C67HG,
6GA622A55T3AOGTL,
6HI9ZYDOAX7Y6KKJ,
6JWAB7EKJUL10ACK,
6OWGYLAAJCBPWEZ4,
6RPWFJ3A9FXOZC7E,
6SFFLWAD7TCCTTHC,
6Y3CL8LU6OXAQEHL,
760N11QRA3L7166Z,
76I4YEB0JNEIF378,
76KZMJS23TOIPULM,
7A455JLNBCTEBIYS,
7O84UHF46Z2E5AJ0,
7Y3X9QW1S5099X0O,
86HEMQMXXRRXM9S0,
89U2QG6ISBDM51GI,
8HMXW6GR38KFRF2T,
8KZMN84B4R5RPP2Q,
8LL3IE6PJ9GC2JX0,
8TLM2DUBYEE2GDH0,
8XJTSY1KAY150OIS,
99YJX0CY4FHHW46S,
9AF84HK0K5CG471Y,
9BKRXCC8B2A9TFRA,
9DWQA9BENM1XBI71,
9Z9TDQNM92R1FK71,
A096PH8X9XCTJECG,
AAME0ZF2CI8QISTT,
AAU7FDO320X6D4A2,
AEPRN5R7W2ASOGR0,
AFEB6XW5UCQTSYJL,
AGTRMFUZM2MQUAB4,
AKZ8T688ZRU9UTY2,
ALOUY4SF3BQKXQCZ,
ANLMZN6NS4S3TCCF,
AOY7EXEF3H62XKG4,
ARZ7H7BSITHOSSMG,
AXWF7YC1M4HM46D3,
AZKCIPFZYXES2I5R,
B2NIQIU0PWY0HANT,
BBKQNRFE6QHDDKTP,
BCPN2Y1Q3287F27T,
BCYM2RGUQ2W0HKEH,
BHA4CDH32NPSOKTZ,
BI8RLR13ROJPHFM0,
BIASJO43N3A7Z63W,
BLPHSKRODCJLHZZS,
BMBQ1TUZFOM1YU3Y,
BMFSUHVBPJ7RY56P,
BVYSR54MKT5SPMSU,
C0BWKG4H07GUBILW,
C5LCU8BQOA9HKWM6,
C67K82FMKN435ZNB,
CFC7SE7TGP55RMUB,
CIED0H64G5Z7173O,
CJ678Q2IJCD4BSYJ,
CJ8TW38Y0NL2YDAR,
CJDXGZHXAGH7QL3C,
CMELUGEVB3ESBIAK,
COESQX3BUKOI1H5B,
CSCIKXOMNAIB3LUQ,
CSFRT7ES11I1Y3CF,
CSQRNTS8K61O7WP5,
CSXRYWJCXJXAJRLP,
CWAL6Z1OAGM4URNC,
D3YR1YUTS8O1PFNM,
D8C02RJJ2Z63XMFD,
DD4MRFEOI10TRMOF,
DDPQNEBC34XCOF2U,
DEWCDZZM1CSH5YFI,
DHG4RIY13DFISJ35,
DMQR502XO4Z5DSM9,
DPSG75LCBZVBTRPO,
DSBXK4WBENCABZ4K,
DSIFGAA3BMQKFE7A,
DZLYYZNR6M5BZFBT,
DZOMCPYXT1TY592W,
E34MR3LIUGH22Y7D,
E6KN06NUXQQIP32L,
EGIAP2GDM33PCW5A,
EK0MO7OMQQEW0UYA,
ENB4V4BPR4HRCRXW,
ENBHS75LQ7FWO5CP,
EPSAH2BCBGV7WQHM,
ESLHGQCGYB7J4DX3,
EUFMT7DM5BSK6CN0,
EUNTRXNEDB7VDVIS,
EXOIBZU8JEIWNCHS,
EYEDMZ3Z6OIKPERL,
F8S7F9FG1FR0R2AT,
F8W2RDY3D6L2EOFT,
FBGMN3O08GW5GG91,
FCYGZ75WMW6L4PJM,
FFVM6VCPRIKK7453,
FHUAUDALQMAQK3K8,
FIBU2GYR72UU7E5M,
FKHXWQEPTPIWXHBR,
FMYU2WQIQCFQBIFS,
FPTFJD4JZA7ZKYQJ,
FUW3JH0HU9MOTX7F,
G37FBCOEGUZFY138,
G7ZGNCQ8PR5NXN9Z,
GCBJDIT55TRGHZIR,
GCSZPU5LPJII8FGU,
GDYRQZ2185AOXLHC,
GET5PY3CH6RJV3UW,
GHD3U9CYRYQ4A0A0,
GHVG2CNNRZ65UBEU,
GJ5CHFO5E33QWWNW,
GKDV3FW4M56I3IKV,
GONORRCZWHDZV3M5,
GORU15M7DI5O0W1I,
GOXKSLNERTQ7DSPQ,
GQ4W68F9T36QYU6B,
H0JM6Z3R5563HTJM,
H72HW588HYXAZTGI,
HAD27IUS6FJC8BCO,
HB04152LQFDZPEBP,
HBAZOCWOGBJYCEAZ,
HCA8NOIQCJL1EQLK,
HGJTE6ROVCUFUC4S,
HH11LJ5K391B78ZG,
HIA2VPHI6ABMCQTV,
HID1X1SOO57L1A87,
HLXOSVDF27JWNCMJ,
HO0Y1BBUIJE9IJIJ,
HZLBHRHYLSY9TXJ4,
I0CYK5NWY1M896AK,
I6QW7NPU65SKPIMZ,
IAX2O3NWENSSH4D5,
IDUHFQWVS4WKXPC5,
IF41GHNSIEOP7BWD,
IGIIMA3LABMNETMA,
IKLKZYXDYTCCYUAZ,
IP4X9W512RO56NQ7,
IPFO2JH7ZZYTQHH2,
IWYDKUPY2NSYJGLF,
IYDXJTFVWJEX36DO,
IZF32FDSYNLK72D1,
J3N2GD4RC25OFS0Y,
JAANEAKBEZPKV4JV,
JAS2TYJWKQL65CQT,
JCMIIGHKFDRU911D,
JNKX5SWXMGUXPR07,
JQWIIAADGKE2YMJS,
JSV6UEFKJAVM6OGO,
JT7TUT2NRR0DPZZF,
JTGK554CWBB6JDQJ,
JWVEP6ZLYCOE5IAE,
K0CJ00ZYHHJ5PXGA,
K2GS9PIQ1E0DBDBE,
K3C28ASFAF7ZLEIH,
KD1MCH6J7162T5QA,
KEKAAUIJ2RZ7QYC6,
KHXSOC18T31CFB18,
KK2Y9XHUUUC5LISA,
KMDW8QCA7WO2NWTI,
KOE9CU24WK2TUQ43,
KQF9NGGWELW9GCUP,
KRH0TOXLZZFQHS3N,
KRWJSE7TVM2QLJI7,
KS626OB4OI9MWE8F,
KSCM1YWI4TPRYRM3,
KSPGRITHL4N0XPLW,
L66E2921S3O1MURX,
LCS6AB1M7X4ZP854,
LE9D7Q73ZSL4N528,
LK60A6W87BBO0GSB,
LOZOKQFJMDLL6IL5,
LYUO2OPTNYUBCHT2,
LZBLW6F81ERF8901,
M0896BIM3W9DCUU6,
M5TTZY7064N29GGE,
M66OIOML76PWORZP,
M67136GRDYSCB588,
MA4Z8BDBS9XC75A5,
MBRJCXKG522HOWH7,
MG26HSJJ5R1ACK45,
MHL54TPCTOQJ2I4K,
MJFHYCVEV2GTJD3N,
MKIAFF7LDGXTZN4C,
MKKOO7NDN26O6RLZ,
MLHE2CESZAWQKZVP,
MLQJEF1PHZHJ6PAZ,
MOAADIHO5RHQJEK3,
MPTG3X65O7O7HYHX,
MQ9P5PQ68PLOCT7O,
MYM4BYJZ8J0APLCG,
MYTHDP7XSELNJUBQ,
NFG67H47EUPD5URG,
NJDN23E34MZVQU66,
NJPOTXDCGONCOU7C,
NJRQL9A1NKXR0I0K,
NLXOSUXOZZHPFQQX,
NMHOGEKTK7LT57ZI,
NRD1J2CBBXXGPNFL,
NWO33W453F6ZJ4BU,
NXLFQLVZRLUEK2UF,
NYNZ6UEFTJP4UNWP,
NZ02ITT0KYQGCHKX,
OCD6VASBJF4SNZ4U,
OGRRL3DQAJGEL0ZH,
OMC7W51BOE9ILIWF,
OOAKLUZ2A4XYXC4X,
OSO6K4FGNA57I3VJ,
OUM3NFGU5U3TCBBK,
P4AIB8JMDY6RDRAP,
P8D6HTN341UCLBIT,
PB7YJZRJU74HFKTS,
PCNMFAZL5VWWK7RP,
PFIIEXEJM7FY3N5Q,
PGB3UF6PM780GAIE,
PHMZRI2MBR54TE7A,
PIKNNHQAI52EI62K,
PMLTPI058LNPOB6K,
PMMV7MLZUWJTIMLR,
PMUAC5NYSRLNM8NZ,
PQLRGWB8W5XDIP1B,
PWECQP8X5J7H4F2Y,
PXUXRMI8Q4TOF3FK,
Q2ZSL21Z90QTPXY5,
Q8BNE59JIKQLLYJ1,
Q8LO6RYLTPQQKJO8,
QA48KZ7WBFX9ZOIA,
QEMIBYDHSXNH2E6X,
QNAGLY5L1PQ4Y2QS,
QPDX2K3DS7IS5QNM,
QPKEZOB3X6B6HMCR,
QRS7ILC41GMG2ADH,
QYUTY0NUYHCFCWY6,
R0GUIL1D7Q8UULH2,
R51O91ZJGN3T0FGI,
R79UN6BZQXMD6MXR,
RAHQRN78MNIOX7RU,
RBC423N4RNB3UZ5P,
RHOULE6IWB6KWLE5,
RHWTMTHC7HIWZ2YZ,
RJIM7Y5H8XML9CA7,
RKIZJRFZGCXD4EOL,
RLF1AFE0G1Q98BS9,
RLJSRNLTRUQAVT3L,
RLZKSYKP7FOKRC1O,
RNLVK5QDFK87IGDG,
RRZGAIOEIS6WPXDT,
RW13S0OR03CO7OP5,
RWKA32WBSVFB4MQF,
RWYZUDIPTYFCZ6UJ,
S6YJ44EEBN5T211U,
SADEJMD27KKWZQ5L,
SAQ39AN6XOILQY1D,
SBLQEZAZEXCC76C6,
SBRRR2SATWOOR5D6,
SP73CHWDY57ND02Z,
SRG1SXU9H044QXS2,
SRKT7U91OM48G8XF,
SSJQF5OU3VSC3HAD,
STCSWQHX4UN23CDK,
SWSY42N45J3YWV5I,
SXF2FCCYEQLXMQO5,
SZKV26SJOHXJBPVX,
SZTHO00BX3ZAE4Y5,
TBNR4PRU7XIL27G6,
TCD5M6UQD4FBL6NM,
TFIG39JA77W6USD3,
TGXRI16H1J321FI0,
TJAPUMPEDA32J5JW,
TNDI8Z4QHMRPT40Q,
TNXMNBGRZHPIMJJI,
TQCRCH9LFKMCFRUY,
TQKQG8IN5G3017SZ,
TS4UPSJ92SZ1EITM,
TSDXCC6X3M7PG91E,
TSZFE43KG3NQJR69,
TVY4XBCLXJBKK72S,
TXP81XXA11Z8BNIX,
TZES7PMHXV4XVJBV,
U5ZUK9GYCAM4FYK4,
UCORZR684EMJSR95,
UEIDAD48BPY82DY3,
UJHKCBMXXLB5QHTP,
UMFGGCOJN6GDPQDV,
UMRXCXFIT4YDD7RQ,
UQXCE0KMLR3C4058,
UTQXBYIUWME8LK2K,
UZFAM45KRI3C7MGB,
VDO7JNWOEJ5KGJYJ,
VJNCTEEYR7U4HIQU,
W26II23AJEMSREDL,
WB6U44ZD7QACX6JM,
WBU2NUH7X0X5J4RN,
WCSSH2NHDNNZIVML,
WDA531I7IXEZY3RK,
WIQMFFRDNGILW7XZ,
WKKADQ0Q6519IXWY,
WL52KFPE6FMJ1A1I,
WMMP0B4WE4H12UL5,
WPNYHBQRGJ4NHU3C,
WW6NZ08FGRHMYND4,
WYMX6QXJXTECQ81F,
X1E3MA35PFPQXNB9,
X63IP208CJ8ST0SX,
XJLRFX244JGJZUUF,
XQBRGW3CYGNUMWHI,
XUGDI7AE3XNZ45SU,
XWC4D3BST0D6WMOT,
XYAFZGBXWKQJN365,
XYOD23KJFH7NZXXK,
XZUUUC426GUXSCGJ,
Y4LKD502EZ8ICYLI,
YBDQ08DHIDPA3J98,
YGJSUAFCVJ52LIRD,
YLLD4EJGLL59WBG6,
YMTB3QZYNO0L8JB2,
YNLMIJ5S24AYYZXN,
YP3O7PTO0AG3Q9LN,
YRC3D4LSQNDZCXDA,
YRNJZUOBWLMG7ESZ,
YSEPTJX4TY1WQY1T,
YXCAWWW2FRTZ3C38,
YYNFU45K2WIMXWE4,
Z79AE6B47YSGBITL,
ZAHC7FTFP8GK5JBE,
ZANU4GPPZNIFRN6W,
ZC9H37RWIQ90483S,
ZCMTUATV42LAXACO,
ZCTE57VMPCGWDG75,
ZN47YAP6WCJ3M4OB,
ZSXFDYQ4ST4Z6SRF,
ZUMTGMC37Y4THDDT,
ZVRO2HKWM7JSS6IA,
ZXXMMCGK6ANRKLFD,
ZYKNNBEIY0387GUQ,
ZZX0ZNWG6Q9I18GK,
PYMCG60E4FESH559,
SODFDRR2LWR7JDMN,
FYXMPCGHTGJXJBSD,
2EU9CLTGPI4V6XUD,
6R7OLDHOMQ4EXMP7,
T4C94OKPNJ1QJHEI,
GFRJ7SPGIEJVXVRS,
ZX3B62KA1WW46Z6O,
RM083BCXKKZQOR9Y,
0MCK6QWQ2WSEQ6AO,
CRH6GLC3CTD2WACN,
JUM3FRXBYLTATYYH,
HSKRXAPZ7WNBT2TI,
LQMW3GK5JQEVVFBK,
VTAJ4O0QLLZ4KVD2,
4YEGB5QHU16EIVV2,
WLNWYNU4G9124ILG,
RUQUTZ5TDN2HHNTI,
SUOSQFF89IZTMJTG,
LI0GYOH64EADRBBE,
65HBYCJJL7IS4B4E,
KJAWMYSKQTYINTNC,
G1WF9DMK8N9UPUKE,
AGTDPQEU54ODFAUD,
6SUAPPRU0V7MEU8H,
XJVLT6YE7FKB3T3B,
ANCCICBPHIDJ5PJ4,
MEP2WAB3JNIXJTON,
SLI467X57QG8JLXX,
IXMOCOA4Z88DGJ6E,
AQCA8X3KQ99EFUQK,
LRCPYDPZFFC6HR6K,
RCDAHVLV6QUTDFVD,
ECJB3HH5WPIVOJJW,
UYA5YJUAVC3SE6HV,
G3VX8IZCRNCJRP46,
PI11PYBO46QC196J,
Y4GJVIUVR4NAMLXW,
KQSTLFNPLNP5M43F,
FYSSUUSC5XYNLUQW,
IAR66U7QVOBXOFQE,
MSZB67BPZ32ILNLK,
T0ON17XI9DTJD8KO,
JP2IRK8910EXF0IW,
ZF17COJC2NNEFOLK,
CF7JC6FO4N0S96KN,
BZIBU9LYNKU6Y1GI,
JLHG7VESTU3GH2KX,
MZAZFTEIU4NLYXDF,
ZOH87VOPAWI557JV,
7E6EK7VVSNAESVYS,
ICWMS7OCXZLUTUFT,
RIOHJ27BKA2I1K0T,
ML05G1O6XMYNN1JE,
ZCIMXZ73NFNRDH46,
LVOHLK3FOHWE66BP,
VKFW6CO5FV2P3PUE,
TXCZ3Q4I0UL1PFLV,
ZBXZAYA6RXNBWB6C,
DZD32LMZUMW2VBIH,
PMUXVQHYYYBOK4RL,
XRYW727N4MCI08LV,
OJC5WXUS4IEGGOYC,
GJ35BUS1EQT27H5F,
82KAG7KXLABZCMKJ,
DVYKX4XMBHD57MZJ,
68FSGEFY3Z1LG3O6,
RATVCRHG4ZHLCOV3,
XQLUVUDY23UZMYW3,
WUG3VLS7FYXG35LH,
2018050121043822,
NVKJ2CHCS3P7QLEK,
JUOV5YWN6IS7OXIJ,
RU2OXJKKMWR42NO4,
CRKZOVFXYNXRGJYR,
HHM4X4CF7WXJXSCT,
VRSBMSXUYCQ3NC5A,
VVGO45TQNOASBLZM,
SUVCYHBWWKNAVUGQ,
AVK7I5XLSCRWM6FN,
KOM02ZTT5IZQ41QL,
PIORRASXKMO7LEXJ,
TRM3ANQXS7O6Y7OA,
MVK8N2R39RYGV1O3,
WZZH1M82VDDPF1WX,
XDNEWPTKFLCWWUSV,
3MKKUYIS68MORGBL,
ANZM4SIQFTWG7K47,
ZTGZBI2QX2JQFXIG,
J2JPFK8ZOICHFG34,
K32CUE69HPQBU2KG,
AFN5EQGSDERZCTLM,
BRSZTKDWTB2X5P3W,
RODVAIJ6A6P4D54Y,
MS1BNLVSGW3H5CU3,
ZIDRKXRWTVGHW7ZD,
MKWC8L1HGWJWZYQ6,
3806JEDXUNBDXJOT,
5NW5T7JL1UGKA9ZW,
QJFMNVKKVZXKBROO,
KYSXQX4HKTWAYLNB,
NJB6RYF62XWGMSE2,
RI48TVZ6U35LMAB8,
BSKAYXMTSEXR6U5K,
IOK4CHCPSG7V7V5Y,
8MVXENAM66B4AWIF,
E1VWJWG3V3QYSSWX,
1CZ6MRB4HLDZSWBO,
TFV4472GKPYD269N,
HAYSFX75ACG77ZJE,
QTT2T0HPF52M8B7K,
W6OUXVVFEFZSLKWT,
9G0Y9ORHYQF87HGL,
S4C0WMVGSI601DMK,
UAFTPLA47GA7WS27,
GFFSQZ18XGOVEET0,
ASI5JI7DJLB3RKFS,
LBFKB6NZNKBWMR90,
N87RZI5DMKV4CP2C,
S1MFJS5SSJ12LGEF,
VSJRIEOFJCVJIO2C,
TUX27MONFI7VC6M3,
SUENUHMZ5JN7IWJE,
OAEVXX4IFAX5IYOR,
MRYGCR7462Z7IN2L,
OPLQZBP3BOBS4LTY,
OCW3VKYNF3YM4CCK,
YSA7ZF8QWN9M5TK6,
UOZJSIPCXRA7UJF2,
FD0L1N1XH6JSRV67,
AG7OGNKEU68RRZFL,
O3L9K24EI9IVZKAN,
EURBSIKPYU66GBRW,
4FZ9SMCGR26NN28M,
84ADR0ZSCYBIK6D1,
E1X026YSQTZ6E04Q,
7CX50JMLP3MB8Y6X,
TITRFCZEPFJKM3NY,
J157H1M13MYE387C,
OI623KTR79Z90BG1,
IEJDGAS52VTH4G74,
PAHYRPTLLQOU2FTB,
XSNEILWLDG2HVSVH,
ECZZ9D6T0D9K48X6,
2BXCJOQVAYCN0WFD,
NWRLBSNF3RVU3MAC,
DWWMOMZWT1DCBAVD,
MKBXWA7XQVFZRVRK,
60BQLN9SD3IXJ5AI,
ECLDQAP52JUWQZHM,
OXRK4I6CTXCENAZV,
OTIGVYUMMBXDNSHN,
CUM2CZJVM5H5ZKFE,
RRZNNMZTLY4BJK7C,
VBPF3M5P5YIFVZ4L,
QTUPNSXYST53IETT,
14K72RNNXGQ8ESXY,
P0WH1L0BA1YZXOGW,
Z92PLJTM6GP9NX1B,
PCJ6DNFF7XHMUSWE,
EH3P3JW1V3L8GNJ7,
4WGQSTEUD1IWW2LT,
YY183POZ782MZSZH,
SSQSB70QYC5L5CJJ,
75DQ5DHR0734PLWN,
8GW4B6QKOW3ALQCA,
27QV9Z81JZB09QPH,
R9RD6OJJBJCI7L25,
0P43IADQS0BGHJLC,
51V4PDJDQYRK6LD0,
WDIYHNMBALZ4ZP2A,
GIPUIOSNW2C34HIS,
0NEYEKNXK60U0KM3,
B4DAUWMDNQCVIE8W,
VDL6YJQYER3CXFOI,
11R9AD0U2YKRA2CA,
CYIJD3WQ3J3Q67LF,
OQWBV4PPVHOOYRWI,
QTMN6M3FY3YSJ6ZP,
WHCQX5APWQZHMM3Q,
Q9K5IEJR20DGZMSZ,
FCPTNB8PMLSG93N4,
ZZWCWIY01XXP36WL,
MYB72GJF0W90NZWH,
VZOXMEUK7BN7PQH3,
AAH4FWM8156DAGMU,
Z9F4JC7DA3ZIW46J,
XJJ3IXEOPNFXBGP7,
7JWNB3841VNNZ3MI,
ZQYME7XWFWQXXOXA,
YSTBBUD35YZBOT2Z,
4YEGB5QHU16EIVV4,
FCPTNB8PMLSG93N5,
MGHOPQDA7YCI7643,
BU830YLY7PZLQZIT,
GBXENHYLRVZ5DTHI,
OJFOT7U85BBO92CL,
JPS2T5SU1PQQFLU0,
GG1EJGK0NHRCBIBA,
DXOUKNW7AXCZFUIL,
ZASCC2YE27A6IT45,
XGUULATQ6C4ZP3QQ,
CCVIH3DIM3GF6SLG,
3ZBJ0AG0IB9BZ6G5,
HFESZX9P9R6TLSSW,
C4X729LF9L0LXQ1D,
FTAKNRFGOGVS632K,
3LEMIRZE3FJWTWOT,
NJZN2TNXUUFRZ3GZ,
CCGEZOFGLKC3USJ8,
J3CQA68PDJ31TV8R,
7BZX046F1UGKCRN0,
VZHXKDEYF7EK4RRP,
AOTGHQ6S5AD7LOBO,
5HYJPO3D1N5PVO0C,
JNTL5ESEIA5FWMUQ,
SGFWUNFEYCKBMF65,
194JNZHLDSZJ27SW,
KEYZSDHDH2DINCKO,
3DMBZTLDT2LRD4LG,
UNREF6O6622LZWNN,
YCCJTT3KSZR8MYJK,
QGEQ4IFSRIA3RBVB,
KGK66IWDH2EX5XNP,
D4UFLMT22FYKZ9O3,
Z43C9369AE4ZNMCE,
QBOBDYYD4R7WP37S,
JNLCZIQGTGTFNEKK,
BSBXPIGXEUV3WWOZ,
VDPL83RUPYYL2BME,
FF0O9FGXXC1W2G1N,
HXKDQ5I26Z2CRUQB,
ZNPFNNZ2DRELKNQ3,
NUWPDW6HBRTLEYWD,
E7VL4CNODMURQN72,
LOR7YOK3PYHXSHCM,
LOFT1CA06LCK2UFY,
RHPAFDUOGPPHWSQS,
2D2SR4DRRR4CCSQK,
TXOGS5CQ6RZMSV3W,
G4792R3E9O3KQJ5M,
4UXRRH5MVZVQ1HQW,
9UFGGHS7R1O40ZU9,
BNAGD36PDWFHIEOO,
JID2LWYOKIWCMT2Z,
YBMFJQLVZENVF6MA,
P64MELY8IJSLJ1WW,
RTVIBS2XBU46GPVC,
FALQ5UCC0FUIK32D,
068WBWCQGW5JHBYV,
KS1YVOV62YD8MEU5,
TSX191EO453BJ6BQ,
CJNLJB43ZD3GIUN3,
X8NK5EEYCGJNLSF9,
HYAJCS9Z3PFLOTET,
2STQ3IYP5SV7XIPG,
UO04YVZ0X59PBH6A,
HAKJSG5CHDGOBP6B,
LT4EQ19PF206URYF,
RMID4XEKTVEYCSGK,
3BJGJJBGH5TRF8PP,
NQXVKFP54XTD3GVF,
IIAFOQ3HGHU4A6UT,
VCG2AJ44VIANYB10,
MEQKZCRF5TR6MHLY,
TFXM6VTRLJH2DS7G,
64V9V1DQO6O3JJ8F,
29L3RZTSAZ4IOU73,
A2PP3QIRIZPKKFM4,
KK0ZHCZR9V87OESW,
ASD2URNKFRN3ZSFL,
6Y2HYY248E0T6HLO,
DDWAA4OECH5TXONN,
MBM873G2J4FD5F9C,
SQD3UDNZH2Q3ET4V,
L6JGZ08WAJCUWRSH,
XHF16O9O7LFK1JNI,
WBZY9S3WDDG0YL9Y,
BSXCZXMR5T9ANRE2,
GQ6UNFKEJD1D4V7X,
RE21S6ZSII3AXTQ1,
BNZ2UKOA43BESZGP,
02SNCL4L74HH1N2V,
BJI23MUAPMUMIED2,
A56W94SJCRL9BR9P,
ZHLGEIY4UAEIPL33,
SLPTPLSMZYJEUEXK,
9WDSZR9939UAVNUL,
JLWQD6J6FXTRVZ0N,
CPH2XKL5E8X02V51,
I2XXOTQBYCGCYHXS,
R1556ANHLYF14MO8,
NIED5UTOZ2JOFCWT,
HLQKXLS4OQ2BGQ5C,
DRS5DZGN5PVUZX4Y,
IX2428QCEE8W3RWS,
ADJYK6PUQSLE2GLN,
ZAJH6DQQBAECJ7AX,
I8BO60JRA49C2P55,
RKFD4L7QSBXPHFJU,
JMWZRLKLB5DSSXE3,
8S0FHQGBA5LPLI4I,
HIAEQWMTUGATOAVI,
H8L1IQDRQK22ZWJ3,
YRPLT2NPTAFJ25RR,
LEE0EERR3GTGT27L,
G669K9EF99P667UN,
BHYZMLL7GBZZLACW,
OADI2G5KVR5NTD39,
RCVF4LEIGW9614K4,
CQARGKFSIVQWNCT6,
DL1FQ4DQMZXMCR9Y,
ADVBNYHQ77F3AIMR,
26UJHQ45YJOBI1WA,
5YJUO7I4UMB1V7GF,
0R1R98REO7SARJ06,
NELY4JKZT4KXHG1T,
HXBUUFVQBNISYKNU,
6XB4FHWAXDVQ79NK,
647D5SO6MJEHAT40,
0VU79X3RK3L2GY8G,
WI171X7KEOFWUIUO,
EOI25OVG7DHZ6KH2,
5JR74HUQF0GU82S9,
Z4AR5KSIXNI0BOR6,
21FVH4RWFPPUSY1X,
WZABX1OKJSMRLG6E,
811MP2UEEA596TU0,
KFX44Z5T5RWT4LLI,
TNUEVMD3Z4YZFQDG,
METEKE1H72A6VT8I,
BSXCZXMR5T9ANRE1,
BCNW7CON2NV3XNKA,
DENODP22U2Q7E4LM,
VKMYOQD5A64UFEED,
B63PZNF524OFKIZT,
PXF9ERQG6FED9840,
AEPHF1MPR9U7LJN2,
YVVX9JSQIXHS3JC5,
DJGKDC32BE5NKELX,
KACA7XHWXRM6A3W3,
0YSFCN6QTA52Q013,
PYRDN2YA3MWCWKCC,
B9NTLOQOEC6XCGUM,
TLNUR0GUPFTO4Y73,
KBY6B17YK6AAR3VD,
M2FFKPT000DH1D3L,
XPBRBUB6YYHIWHVO,
K58ETJ2AQTV4OG8J,
MRVHMZRQXDY2OR0G,
DBIRWM3WCDZF41U2,
M8PXGLRLDQUQ9497,
IIMERRCV5YJD0ZXZ,
TFCLOHN4ROEYF6QY,
EQ0L201MUZFO2SY8,
UOSAPEMY76KAGOUR,
5IU465J6DS71MDL0,
MPAR5LKXIUS2RTWG,
G8EI396DZCRABG20,
3MAEWQ4AI1HYHVEI,
1S6EZQSDTW7O1E1T,
KPC2RVJBDHQLC5EM,
PYZP7WQ4QRH46EFS,
LOGIP43ZSLSUA5SZ,
TEHE4SMNJTXDNW2O,
VKDRQPXRMRRBAHW3,
WIPV3EQ34O55HCUI,
RYNCGNVRZH2LB7BN,
2JQAVUE1J92P7TH0,
3SFAQXXE8MAOTWYL,
AJHYOJIG3DZLSIKI,
AEPHF1MPR9U7LJN1,
VOIUV38X58F3KY75,
RZVMIO4YX2JHAUQ5,
B0QOM7YX8YQI2S8F,
PQ918CDGQIFXXXN1,
V2TUYLWYQGFUJOXN,
VVVMGD8KR33MD3SA,
X18DVJEHEBZK43JN,
O5DVVUK9XC093GYY,
TT75ZBIGTHZ8MTD9,
BRFHLOM2KPUXSBMI,
4GN9DK6CIQ0E7HI4,
WIJONRZUXV2SJOMN,
5FY8Y34MBL26F0EE,
SEV2GAEFNJBLX3ZJ,
XVPBCFNYTDI4HHW2,
FUVL4PLSUHRCEAHC,
JGNEVHX7BEKLBQJY,
OMR7KPUBB2T7X3QQ,
4GN9DK6CIQ0E7HI1,
H75X3XPB2CE9PXZL,
DXLPP6QTNOHQRHVG,
LIJBIVVBI6TJCT6Z,
EWYGH3OSPLJI27UF,
LAZFQV32NQC0S558,
WZDKIWF6GHR3J2GJ,
GTSAGN2MRE5D0AZI,
HL1S6O6WJW7IHXIY,
XB6LHUJOFHO1UBC0,
WAP327ZXF6FGV5E4,
RWJZNVFII5INU6Z5,
XWJSDQUY2US6L4NJ,
4LEFZ084SL6LNEE2,
ORIKPYK3H2CCVFBR,
3XVH784Y29GVDBHV,
IC5A7GCAADV0CB0Q,
SZY3J4UTKSCFM2H4,
06B6FTM4ICZ9N8ES,
4GN9DK6CIQ0E7HI2,
XHX3PCDOWEWDB34X,
NXSJBZWIQX5RKNO3,
BUZ4SI0DHW34EAP2,
0QPSB9IO98216B98,
PHE2B59NIQZC67UJ,
VFHSASVT4EXZWAOS,
ILO1WFJV843ZHAME,
POYYSD3RSJFBKSLQ,
TFLSOP3FLUBQDLL2,
EQD7NRTYLRGYENOM,
OTIP25YORHBKJPZM,
LNU3P20QOML7YGMZ,
ZMEGS4G44P6FMONO,
9XJOAML27V6XJGF4,
AUGXT5PI4VY62M6L,
PNPGGIFOXWJJQ22P,
THKULF2KHMNVMTUR,
5M81E9S7W99ZAY7K,
8C0V0CZ2BRLSAMUM,
YOZ19SX2BIALZHYO,
QGH1NCRAPQ9QI8DG,
DMYPNOEZ9IWGA8AV,
PKDK1R3JGEDSY9T2,
PVMXD3RZSHEQTYW3,
UGAYD4C2EMSUZ7LV,
OLYVZJAPCZJQWGIE,
HGNXVLY1NGPI0B3T,
DM6WEZI7LKF1NXUA,
IETROE62UNT5QVWS,
SKY1CF2GQWG2WQFX,
KS1YVOV62YD8MEU2,
YEXJFFF2ZK44FYCP,
PSGF227LMZ56WM20,
AEPHF1MPR9U7LJN5,
GHAQUSAYVJW43T05,
6I1FUOBB7KQIA5L2,
NHCZX3GOEMPDDHW3,
VOPMJMGIDQQ75E6G,
GQNS07SL34K9IUIU,
JQVBM4FUT34IUSUB,
OCP7EUZJEB7JUL65,
UZUCCRJIMUZMQSQE,
UN6XC6HYXO0RDKU6,
KS1YVOV62YD8MEU9,
MW8YUZAR8U4OOCH4,
G22FZV7DOK1WUV8X,
IGFB79MP8FBHNLF9,
BMLCCAQRWKFKZQTC,
UZQJZEDGVTWFY23U,
SIEZY1DDVJB9SHZO,
Y6Z334Z280BD5OYA,
2JMHB4LET9UMEJKR,
EKKECBQEXHI5ME2T,
7K1IGVRNY3FZIM62,
FA5W7TCUMVXHOSER,
L7PQTICOQFQXQQH7,
SZXTZ3LQ5MBFDFXR,
RPR59VBOFAUEQ7BQ,
4GN9DK6CIQ0E7HI6,
XKHDNXXCRND47JLF,
NHKUCEIIHLJQ25VM,
4YEGB5QHU16EIVV1,
HVPI7QQSXPDHSFME,
8ZK7DFZXQM8IK5BL,
BHJS8QX5HHICVSZ8,
E0PAWC91DAO8VM1V,
WPA6WCTE24HGRIXH,
BMTJZEMYGJCVHX7N,
GXR5YMJB3PZQNLAC,
PQJEIXKIJMZTBZ74,
KNKVPM2UV4UFFC5R,
GYEUW4CVVSI3VBY9,
JUBFRXRHLG46KY42,
AEPHF1MPR9U7LJN6,
FCPTNB8PMLSG93N2,
RL7MPCDASC5FXBRJ,
ZSEAY6NXKQIH75RE,
4GN9DK6CIQ0E7HI3,
4N1O86FQ9PE67RWE,
BTLLL3I67PYRN7R4,
86MLFNHYQLTVJO6U,
S4TWFS0QGVDONGB2,
9XJOAML27V6XJGF7,
WAY57YXODQSQEIDD,
GBA7XJ5E7ITWZW7K,
4GN9DK6CIQ0E7HI5,
IGFB79MP8FBHNLF8,
6F50ZT3K4S2WW3WS,
EGCV7CJ6LF2CACQM,
RPMAO8MCIP9LWUSP,
IGFB79MP8FBHNLF4,
NEYLUIYPCL6O74O6,
KS1YVOV62YD8MEU8,
KS1YVOV62YD8MEU4,
4YEGB5QHU16EIVV3,
9XJOAML27V6XJGF3,
AEPHF1MPR9U7LJN3,
KS1YVOV62YD8MEU1,
IGFB79MP8FBHNLF3,
9XJOAML27V6XJGF2,
IGFB79MP8FBHNLF5,
G0XPGZTRZ1ZPRP7Q,
FCPTNB8PMLSG93N0,
BSXCZXMR5T9ANRE3,
KS1YVOV62YD8MEU6,
9XJOAML27V6XJGF6,
4YEGB5QHU16EIVV6,
IGFB79MP8FBHNLF7,
IGFB79MP8FBHNLF2,
AEPHF1MPR9U7LJN7,
BSXCZXMR5T9ANRE4,
BSXCZXMR5T9ANRE9,
H9PROZNCEP1LMPEG,
AEPHF1MPR9U7LJN4,
4YEGB5QHU16EIVV5,
FCPTNB8PMLSG93N1,
